Operator,TotalServices,UniqueServices,UniqueRoutes,TotalTrips,AverageTrips,MaximumTrips,MinimumTrips,TotalStops,AverageStops,MaximumStops,MinimumStops,PerformanceScore,NetworkVehicleCount,NetworkAverageSpeed,NetworkMaximumSpeed,NetworkMinimumSpeed,ActiveRoutes,NetworkDisruptions,PublishingAuthorities,UniqueDisruptionReasons
B P Brown Travel Ltd,55,23,35,612,11.127272727272727,49,1,2570,46.72727272727273,134,6,1770.8,26445,0.0,0.0,0.0,5312,452,10,10
Atlantic Travel,33,23,23,54,1.6363636363636365,5,1,2123,64.33333333333333,96,31,1233.5,26445,0.0,0.0,0.0,5312,452,10,10
CVS ESSEX LIMITED,1,1,1,4,4.0,4,4,16,16.0,16,16,31.4,26445,0.0,0.0,0.0,5312,452,10,10
Lucketts Travel,3,3,3,72,24.0,68,2,81,27.0,56,2,128.1,26445,0.0,0.0,0.0,5312,452,10,10
Greenslades,3,3,3,107,35.666666666666664,77,2,174,58.0,94,36,170.0,26445,0.0,0.0,0.0,5312,452,10,10
Linden Holdings,21,21,20,71,3.380952380952381,8,2,768,36.57142857142857,98,5,768.8,26445,0.0,0.0,0.0,5312,452,10,10
Belle Coaches,3,3,3,6,2.0,2,2,119,39.666666666666664,49,24,113.1,26445,0.0,0.0,0.0,5312,452,10,10
CT4N Ltd,31,19,21,388,12.516129032258064,33,2,2767,89.25806451612904,152,26,1490.3,26445,0.0,0.0,0.0,5312,452,10,10
R & J Coaches,2,2,2,4,2.0,2,2,164,82.0,85,79,100.8,26445,0.0,0.0,0.0,5312,452,10,10
Yarranton Brothers,10,3,4,47,4.7,10,2,853,85.3,110,60,364.7,26445,0.0,0.0,0.0,5312,452,10,10
Reading Buses,98,40,73,7117,72.62244897959184,668,1,5374,54.83673469387755,151,5,5954.0,26445,0.0,0.0,0.0,5312,452,10,10
National Express West Midlands,266,152,118,80802,303.76691729323306,1481,1,26380,99.17293233082707,275,15,43524.8,26445,0.0,0.0,0.0,5312,452,10,10
Jim Hughes Coaches,87,82,83,184,2.1149425287356323,22,1,2930,33.67816091954023,103,2,3017.6,26445,0.0,0.0,0.0,5312,452,10,10
LMS Travel Ltd,18,8,12,122,6.777777777777778,17,1,871,48.388888888888886,88,8,570.1,26445,0.0,0.0,0.0,5312,452,10,10
Cavern City Tours,1,1,1,14,14.0,14,14,10,10.0,10,10,33.6,26445,0.0,0.0,0.0,5312,452,10,10
Kempsford UK,4,4,4,65,16.25,21,10,189,47.25,66,25,182.7,26445,0.0,0.0,0.0,5312,452,10,10
Bakers Dolphin,8,5,8,16,2.0,2,2,418,52.25,103,16,301.8,26445,0.0,0.0,0.0,5312,452,10,10
Weardale Motor Services,31,14,14,791,25.516129032258064,58,2,1995,64.35483870967742,138,8,1264.9,26445,0.0,0.0,0.0,5312,452,10,10
Stringers Pontefract Motorways,2,1,1,43,21.5,22,21,84,42.0,42,42,67.4,26445,0.0,0.0,0.0,5312,452,10,10
Iain McGregor,1,1,1,205,205.0,205,205,2,2.0,2,2,107.6,26445,0.0,0.0,0.0,5312,452,10,10
AC Williams,1,1,1,2,2.0,2,2,49,49.0,49,49,40.5,26445,0.0,0.0,0.0,5312,452,10,10
Telford Coaches,7,5,5,40,5.714285714285714,12,2,438,62.57142857142857,78,21,272.4,26445,0.0,0.0,0.0,5312,452,10,10
Blackpool Transport Services Ltd,33,18,18,5086,154.12121212121212,276,2,4122,124.9090909090909,240,51,3721.0,26445,0.0,0.0,0.0,5312,452,10,10
Ferryhill Village Travel,1,1,1,3,3.0,3,3,80,80.0,80,80,50.2,26445,0.0,0.0,0.0,5312,452,10,10
Vision Bus,18,5,6,373,20.72222222222222,59,1,1414,78.55555555555556,142,20,713.4,26445,0.0,0.0,0.0,5312,452,10,10
Country Bus,31,30,30,621,20.032258064516128,56,2,1566,50.516129032258064,130,9,1468.2,26445,0.0,0.0,0.0,5312,452,10,10
Landflight,2,1,1,42,21.0,22,20,216,108.0,108,108,106.6,26445,0.0,0.0,0.0,5312,452,10,10
NBM Hire,2,1,1,11,5.5,6,5,60,30.0,30,30,47.4,26445,0.0,0.0,0.0,5312,452,10,10
Carolean Coaches,13,5,6,339,26.076923076923077,49,8,880,67.6923076923077,116,37,539.6,26445,0.0,0.0,0.0,5312,452,10,10
AJT,1,1,1,205,205.0,205,205,2,2.0,2,2,107.6,26445,0.0,0.0,0.0,5312,452,10,10
Lawson's of Corby,5,5,5,10,2.0,2,2,263,52.6,99,29,207.9,26445,0.0,0.0,0.0,5312,452,10,10
Lucketts of Watford,2,1,1,72,36.0,36,36,10,5.0,5,5,56.8,26445,0.0,0.0,0.0,5312,452,10,10
Blue Buses,3,2,2,20,6.666666666666667,16,2,127,42.333333333333336,47,40,96.1,26445,0.0,0.0,0.0,5312,452,10,10
Finestyle Coaches,2,2,2,4,2.0,2,2,61,30.5,39,22,69.9,26445,0.0,0.0,0.0,5312,452,10,10
GATWICK HOPPA LTD,2,2,2,81,40.5,71,10,11,5.5,7,4,85.7,26445,0.0,0.0,0.0,5312,452,10,10
Lakeside Coaches Ltd,9,9,9,163,18.11111111111111,26,2,326,36.22222222222222,73,8,388.0,26445,0.0,0.0,0.0,5312,452,10,10
Maghull Coaches,11,7,7,55,5.0,41,1,295,26.818181818181817,45,1,285.5,26445,0.0,0.0,0.0,5312,452,10,10
Acme Bus Co,6,6,6,12,2.0,2,2,103,17.166666666666668,29,3,185.7,26445,0.0,0.0,0.0,5312,452,10,10
Kevs Cars & Coaches,16,6,8,230,14.375,42,1,1613,100.8125,173,72,755.9,26445,0.0,0.0,0.0,5312,452,10,10
Roberts Travel Group,3,3,3,300,100.0,108,96,29,9.666666666666666,11,8,203.7,26445,0.0,0.0,0.0,5312,452,10,10
Somerset County Council,31,31,30,374,12.064516129032258,52,1,1102,35.54838709677419,71,11,1240.2,26445,0.0,0.0,0.0,5312,452,10,10
SUNBEAM COACHES,9,8,8,24,2.6666666666666665,5,2,429,47.666666666666664,99,19,338.3,26445,0.0,0.0,0.0,5312,452,10,10
Pilkingtonbus,23,22,22,226,9.826086956521738,47,2,1168,50.78260869565217,91,10,990.8,26445,0.0,0.0,0.0,5312,452,10,10
Nu-Venture,44,44,44,576,13.090909090909092,115,1,2720,61.81818181818182,186,3,2146.4,26445,0.0,0.0,0.0,5312,452,10,10
Littles Travel,9,5,6,48,5.333333333333333,8,2,704,78.22222222222223,143,50,370.4,26445,0.0,0.0,0.0,5312,452,10,10
Kinchbus,13,8,8,1733,133.30769230769232,413,44,813,62.53846153846154,145,14,1137.1,26445,0.0,0.0,0.0,5312,452,10,10
M&H Coaches,2,1,1,49,24.5,26,23,278,139.0,139,139,128.0,26445,0.0,0.0,0.0,5312,452,10,10
Cogenhoe and Whiston Parish Council,1,1,1,15,15.0,15,15,136,136.0,136,136,71.8,26445,0.0,0.0,0.0,5312,452,10,10
Sweynes,1,1,1,2,2.0,2,2,18,18.0,18,18,31.2,26445,0.0,0.0,0.0,5312,452,10,10
Oakleys Coaches,5,5,5,60,12.0,24,4,199,39.8,86,17,208.7,26445,0.0,0.0,0.0,5312,452,10,10
Duck Tours,2,2,2,8,4.0,4,4,2,1.0,1,1,53.8,26445,0.0,0.0,0.0,5312,452,10,10
Cresta Coaches,7,7,7,21,3.0,5,1,289,41.285714285714285,83,19,270.1,26445,0.0,0.0,0.0,5312,452,10,10
Redline Buses,47,13,21,981,20.872340425531913,113,1,3017,64.19148936170212,119,14,1742.5,26445,0.0,0.0,0.0,5312,452,10,10
Mikro coaches,1,1,1,10,10.0,10,10,87,87.0,87,87,55.1,26445,0.0,0.0,0.0,5312,452,10,10
Stevenson's Travel,2,1,2,9,4.5,5,4,76,38.0,39,37,66.4,26445,0.0,0.0,0.0,5312,452,10,10
Bennetts Coaches,15,15,15,70,4.666666666666667,42,2,197,13.133333333333333,25,9,462.1,26445,0.0,0.0,0.0,5312,452,10,10
Discover Dorset,1,1,1,32,32.0,32,32,93,93.0,93,93,65.7,26445,0.0,0.0,0.0,5312,452,10,10
SMT Bus and Coach,4,3,4,139,34.75,94,9,167,41.75,96,21,195.7,26445,0.0,0.0,0.0,5312,452,10,10
Solus Coaches,5,5,5,69,13.8,27,5,73,14.6,29,8,174.5,26445,0.0,0.0,0.0,5312,452,10,10
Masons Travel,16,8,8,32,2.0,2,2,1325,82.8125,145,29,610.3,26445,0.0,0.0,0.0,5312,452,10,10
Celtic Travel,3,3,3,37,12.333333333333334,33,2,274,91.33333333333333,135,62,172.0,26445,0.0,0.0,0.0,5312,452,10,10
Archway Travel,5,5,5,278,55.6,76,2,847,169.4,183,151,490.3,26445,0.0,0.0,0.0,5312,452,10,10
Chepstow Classic Buses,1,1,1,2,2.0,2,2,16,16.0,16,16,30.6,26445,0.0,0.0,0.0,5312,452,10,10
Manchester Bus Tours,4,1,1,27,6.75,9,3,44,11.0,11,11,49.0,26445,0.0,0.0,0.0,5312,452,10,10
Isle Valley Transport,5,5,5,23,4.6,10,2,150,30.0,48,16,179.2,26445,0.0,0.0,0.0,5312,452,10,10
Thornes Independent Ltd,6,4,4,14,2.3333333333333335,3,2,240,40.0,70,18,177.6,26445,0.0,0.0,0.0,5312,452,10,10
Abus,3,2,3,36,12.0,32,2,241,80.33333333333333,111,58,151.7,26445,0.0,0.0,0.0,5312,452,10,10
Viking Coaches (Heywood),3,3,2,4,1.3333333333333333,2,1,123,41.0,47,29,98.5,26445,0.0,0.0,0.0,5312,452,10,10
Regional Transport Ltd,1,1,1,10,10.0,10,10,17,17.0,17,17,34.1,26445,0.0,0.0,0.0,5312,452,10,10
AMK,2,2,2,19,9.5,16,3,103,51.5,81,22,88.5,26445,0.0,0.0,0.0,5312,452,10,10
E Stott & Sons Ltd,38,10,16,212,5.578947368421052,17,1,2159,56.81578947368421,91,22,1072.5,26445,0.0,0.0,0.0,5312,452,10,10
Coastliner Buses,8,7,7,250,31.25,115,2,665,83.125,167,12,474.5,26445,0.0,0.0,0.0,5312,452,10,10
Pauls Travel,1,1,1,4,4.0,4,4,59,59.0,59,59,44.3,26445,0.0,0.0,0.0,5312,452,10,10
Transdev,117,115,101,9511,81.2905982905983,436,1,11757,100.48717948717949,391,3,9996.5,26445,0.0,0.0,0.0,5312,452,10,10
Ambassador  Semmence,11,8,8,48,4.363636363636363,18,2,669,60.81818181818182,132,6,419.9,26445,0.0,0.0,0.0,5312,452,10,10
Imperial Coaches,10,10,10,20,2.0,2,2,170,17.0,29,11,309.0,26445,0.0,0.0,0.0,5312,452,10,10
Delaine Buses Ltd,60,7,11,489,8.15,48,1,5086,84.76666666666667,118,26,1956.4,26445,0.0,0.0,0.0,5312,452,10,10
West Berkshire Council,6,3,4,20,3.3333333333333335,10,2,513,85.5,108,67,251.9,26445,0.0,0.0,0.0,5312,452,10,10
Nick Maddy Coaches,22,14,15,70,3.1818181818181817,13,1,824,37.45454545454545,93,6,640.2,26445,0.0,0.0,0.0,5312,452,10,10
Marchants Coaches,10,10,10,20,2.0,2,2,788,78.8,158,35,494.4,26445,0.0,0.0,0.0,5312,452,10,10
Whites Coaches,1,1,1,4,4.0,4,4,91,91.0,91,91,53.9,26445,0.0,0.0,0.0,5312,452,10,10
The Big Lemon CIC,5,5,5,222,44.4,52,22,453,90.6,151,36,349.7,26445,0.0,0.0,0.0,5312,452,10,10
Royal Buses,13,3,4,1689,129.92307692307693,436,5,125,9.615384615384615,23,2,803.1,26445,0.0,0.0,0.0,5312,452,10,10
Ross Travel,6,2,3,134,22.333333333333332,24,20,732,122.0,136,95,338.2,26445,0.0,0.0,0.0,5312,452,10,10
Xelabus,5,5,5,14,2.8,3,2,223,44.6,84,13,197.5,26445,0.0,0.0,0.0,5312,452,10,10
Reays Coaches,3,3,3,30,10.0,20,5,111,37.0,70,13,120.3,26445,0.0,0.0,0.0,5312,452,10,10
White Bus,46,14,18,1128,24.52173913043478,69,1,3892,84.6086956521739,140,13,2028.8,26445,0.0,0.0,0.0,5312,452,10,10
Yorkshire Buses,16,7,8,218,13.625,32,2,2079,129.9375,168,56,900.9,26445,0.0,0.0,0.0,5312,452,10,10
Jacksons of Silsden,2,1,1,24,12.0,16,8,150,75.0,75,75,79.6,26445,0.0,0.0,0.0,5312,452,10,10
Harpur's Coaches Ltd,7,7,7,14,2.0,2,2,60,8.571428571428571,17,5,198.6,26445,0.0,0.0,0.0,5312,452,10,10
A2B Travel Group Ltd,19,18,19,284,14.947368421052632,46,2,1443,75.94736842105263,204,32,1011.5,26445,0.0,0.0,0.0,5312,452,10,10
Carlone Buses,11,7,8,234,21.272727272727273,71,2,771,70.0909090909091,118,13,514.9,26445,0.0,0.0,0.0,5312,452,10,10
Aston Coaches,3,2,2,18,6.0,10,2,219,73.0,75,72,122.9,26445,0.0,0.0,0.0,5312,452,10,10
A Lyles & Son,9,8,8,58,6.444444444444445,26,2,475,52.77777777777778,78,24,365.7,26445,0.0,0.0,0.0,5312,452,10,10
Star Travel,2,1,2,9,4.5,5,4,72,36.0,44,28,65.2,26445,0.0,0.0,0.0,5312,452,10,10
Catteralls,7,7,7,14,2.0,2,2,134,19.142857142857142,28,9,220.8,26445,0.0,0.0,0.0,5312,452,10,10
Stephensons of Essex Ltd,96,67,96,1124,11.708333333333334,80,1,5804,60.458333333333336,200,5,4300.8,26445,0.0,0.0,0.0,5312,452,10,10
Nottingham City Transport Ltd,41,39,39,10850,264.6341463414634,573,0,3268,79.70731707317073,149,29,6295.4,26445,0.0,0.0,0.0,5312,452,10,10
Coastal & Country Coaches,7,2,2,50,7.142857142857143,9,6,112,16.0,16,16,103.6,26445,0.0,0.0,0.0,5312,452,10,10
Bennetts Travel,3,3,3,41,13.666666666666666,28,5,23,7.666666666666667,9,5,98.3,26445,0.0,0.0,0.0,5312,452,10,10
N.N. Cresswell,1,1,1,13,13.0,13,13,28,28.0,28,28,38.6,26445,0.0,0.0,0.0,5312,452,10,10
HOWARDS TRAVEL AND OMEGA BUSWAYS LIMITED,5,3,5,68,13.6,30,4,156,31.2,89,16,179.0,26445,0.0,0.0,0.0,5312,452,10,10
Ashcroft Travel Ltd,10,8,10,106,10.6,24,2,449,44.9,78,23,407.1,26445,0.0,0.0,0.0,5312,452,10,10
Dartline Coaches,50,47,49,953,19.06,216,2,2559,51.18,130,3,2353.9,26445,0.0,0.0,0.0,5312,452,10,10
Kirkby Lonsdale Coaches,32,15,16,432,13.5,53,2,1429,44.65625,93,8,991.5,26445,0.0,0.0,0.0,5312,452,10,10
Totnes Community Bus,5,5,5,31,6.2,12,2,118,23.6,33,15,172.8,26445,0.0,0.0,0.0,5312,452,10,10
Taylors Travel,15,14,15,31,2.066666666666667,4,1,561,37.4,127,5,545.7,26445,0.0,0.0,0.0,5312,452,10,10
Chalkwell,10,10,10,294,29.4,146,2,983,98.3,174,14,662.5,26445,0.0,0.0,0.0,5312,452,10,10
Olympia Travel UK ltd,3,2,3,6,2.0,2,2,290,96.66666666666667,130,30,154.4,26445,0.0,0.0,0.0,5312,452,10,10
Fargo Coaches,1,1,1,2,2.0,2,2,30,30.0,30,30,34.8,26445,0.0,0.0,0.0,5312,452,10,10
Lakeland Commercials,1,1,1,6,6.0,6,6,24,24.0,24,24,34.6,26445,0.0,0.0,0.0,5312,452,10,10
Thandi Red,3,3,3,6,2.0,2,2,51,17.0,25,9,92.7,26445,0.0,0.0,0.0,5312,452,10,10
Travel Cornwall,1,1,1,2,2.0,2,2,92,92.0,92,92,53.4,26445,0.0,0.0,0.0,5312,452,10,10
Liberty Coaches,7,3,3,98,14.0,18,12,365,52.142857142857146,97,18,223.7,26445,0.0,0.0,0.0,5312,452,10,10
Clarkes of London,1,1,1,88,88.0,88,88,9,9.0,9,9,62.9,26445,0.0,0.0,0.0,5312,452,10,10
Brylaine Travel,25,25,23,458,18.32,58,2,1650,66.0,150,20,1273.2,26445,0.0,0.0,0.0,5312,452,10,10
Sargeants Bros. Coaches Ltd,42,20,21,355,8.452380952380953,37,1,3177,75.64285714285714,146,12,1610.1,26445,0.0,0.0,0.0,5312,452,10,10
Stanley Travel,3,2,2,208,69.33333333333333,89,30,149,49.666666666666664,75,37,177.9,26445,0.0,0.0,0.0,5312,452,10,10
Fareline Bus & Coach Services,4,4,4,7,1.75,2,1,125,31.25,40,15,140.3,26445,0.0,0.0,0.0,5312,452,10,10
Borders Buses,11,11,10,661,60.09090909090909,136,16,825,75.0,194,11,771.9,26445,0.0,0.0,0.0,5312,452,10,10
Starline,2,1,1,6,3.0,3,3,98,49.0,49,49,56.8,26445,0.0,0.0,0.0,5312,452,10,10
Ipswich Buses,32,32,32,2581,80.65625,347,2,1939,60.59375,154,21,2414.1,26445,0.0,0.0,0.0,5312,452,10,10
Red Rose Travel,156,44,55,1662,10.653846153846153,93,1,11176,71.64102564102564,242,11,5282.6,26445,0.0,0.0,0.0,5312,452,10,10
Evolve Bus & Coach,2,2,2,38,19.0,20,18,103,51.5,81,22,96.1,26445,0.0,0.0,0.0,5312,452,10,10
Yeomans Travel,96,27,43,515,5.364583333333333,37,1,3978,41.4375,117,8,2314.4,26445,0.0,0.0,0.0,5312,452,10,10
Dents Coaches,1,1,1,2,2.0,2,2,25,25.0,25,25,33.3,26445,0.0,0.0,0.0,5312,452,10,10
South West Coaches,18,10,15,369,20.5,72,2,992,55.111111111111114,119,14,770.2,26445,0.0,0.0,0.0,5312,452,10,10
Wright Bros Coaches,4,4,2,8,2.0,2,2,359,89.75,165,11,180.9,26445,0.0,0.0,0.0,5312,452,10,10
London Vintage Bus Hire (trading as The London Bus Company),1,1,1,27,27.0,27,27,122,122.0,122,122,72.4,26445,0.0,0.0,0.0,5312,452,10,10
West Oxfordshire Community Transport,11,10,10,85,7.7272727272727275,19,2,294,26.727272727272727,80,9,372.2,26445,0.0,0.0,0.0,5312,452,10,10
Ron W Dew & Son Ltd,39,19,23,274,7.0256410256410255,16,1,2127,54.53846153846154,127,21,1282.7,26445,0.0,0.0,0.0,5312,452,10,10
Coach Services,23,15,22,310,13.478260869565217,45,2,1234,53.65217391304348,100,9,974.2,26445,0.0,0.0,0.0,5312,452,10,10
F R Willetts,7,7,7,21,3.0,10,1,552,78.85714285714286,187,12,349.0,26445,0.0,0.0,0.0,5312,452,10,10
Durham County Council,21,18,17,471,22.428571428571427,63,2,1710,81.42857142857143,189,8,1136.4,26445,0.0,0.0,0.0,5312,452,10,10
Crosskeys Coaches,6,5,6,12,2.0,2,2,122,20.333333333333332,61,7,181.4,26445,0.0,0.0,0.0,5312,452,10,10
Blueworks Taxis,14,7,5,52,3.7142857142857144,6,1,579,41.357142857142854,77,12,339.5,26445,0.0,0.0,0.0,5312,452,10,10
Stowmarket Minibus & Coach Hire,2,1,1,4,2.0,2,2,66,33.0,36,30,46.4,26445,0.0,0.0,0.0,5312,452,10,10
ZandS Transport,17,14,17,99,5.823529411764706,25,2,662,38.94117647058823,98,4,633.2,26445,0.0,0.0,0.0,5312,452,10,10
Gem Travel,1,1,1,2,2.0,2,2,26,26.0,26,26,33.6,26445,0.0,0.0,0.0,5312,452,10,10
CTSW,1,1,1,31,31.0,31,31,66,66.0,66,66,57.2,26445,0.0,0.0,0.0,5312,452,10,10
Dan's Coach Travel,1,1,1,13,13.0,13,13,141,141.0,141,141,72.5,26445,0.0,0.0,0.0,5312,452,10,10
Vickery’s Coaches,1,1,1,0,0.0,0,0,9,9.0,9,9,27.7,26445,0.0,0.0,0.0,5312,452,10,10
Peter Hodgson,4,2,2,18,4.5,7,2,268,67.0,72,62,137.6,26445,0.0,0.0,0.0,5312,452,10,10
Western Dales Bus,9,5,5,40,4.444444444444445,9,1,388,43.111111111111114,59,22,257.4,26445,0.0,0.0,0.0,5312,452,10,10
Taxico (Aimee's),9,8,9,45,5.0,12,2,359,39.888888888888886,72,17,340.7,26445,0.0,0.0,0.0,5312,452,10,10
Lords Travel,8,3,3,8,1.0,1,1,156,19.5,22,17,125.0,26445,0.0,0.0,0.0,5312,452,10,10
Coastal Red Limited,66,17,25,736,11.151515151515152,56,1,5451,82.5909090909091,204,10,2474.7,26445,0.0,0.0,0.0,5312,452,10,10
M R D,3,3,3,16,5.333333333333333,11,2,41,13.666666666666666,16,11,93.7,26445,0.0,0.0,0.0,5312,452,10,10
Al's Coaches,105,62,63,160,1.5238095238095237,27,1,3882,36.97142857142857,190,3,2793.6,26445,0.0,0.0,0.0,5312,452,10,10
PETER HOGG OF JEDBURGH,4,2,1,24,6.0,6,6,480,120.0,120,120,188.6,26445,0.0,0.0,0.0,5312,452,10,10
Uno,53,22,24,1876,35.39622641509434,397,1,6057,114.28301886792453,180,7,3147.5,26445,0.0,0.0,0.0,5312,452,10,10
Woods Coaches Ltd,1,1,1,92,92.0,92,92,2,2.0,2,2,62.4,26445,0.0,0.0,0.0,5312,452,10,10
Zero2 Bus Museum,3,1,1,12,4.0,4,4,183,61.0,61,61,84.7,26445,0.0,0.0,0.0,5312,452,10,10
Hatch Green Coaches,19,18,18,223,11.736842105263158,31,2,1174,61.78947368421053,106,11,891.4,26445,0.0,0.0,0.0,5312,452,10,10
Centaur Coaches,3,2,3,13,4.333333333333333,5,4,308,102.66666666666667,105,101,162.6,26445,0.0,0.0,0.0,5312,452,10,10
Red Eagle,91,39,54,665,7.3076923076923075,30,1,6319,69.43956043956044,191,8,3361.7,26445,0.0,0.0,0.0,5312,452,10,10
Dartmouth Steam Railway And River Boat Company,4,1,1,144,36.0,54,18,8,2.0,2,2,85.0,26445,0.0,0.0,0.0,5312,452,10,10
Marshalls Coaches LLP,19,18,18,39,2.0526315789473686,3,2,2074,109.15789473684211,190,14,1087.8,26445,0.0,0.0,0.0,5312,452,10,10
HADLOW RURAL COMMUNITY SCHOOL LIMITED,1,1,1,3,3.0,3,3,56,56.0,56,56,43.0,26445,0.0,0.0,0.0,5312,452,10,10
Northstar,31,31,30,443,14.290322580645162,149,1,1599,51.58064516129032,184,13,1416.9,26445,0.0,0.0,0.0,5312,452,10,10
Fords Coaches,11,11,11,22,2.0,2,2,437,39.72727272727273,99,8,414.9,26445,0.0,0.0,0.0,5312,452,10,10
Hunts Coaches,5,4,4,99,19.8,52,2,372,74.4,113,24,251.2,26445,0.0,0.0,0.0,5312,452,10,10
Sharpes of Nottingham,11,11,11,29,2.6363636363636362,3,2,348,31.636363636363637,92,12,391.0,26445,0.0,0.0,0.0,5312,452,10,10
James Bevan,2,2,2,4,2.0,2,2,50,25.0,26,24,66.6,26445,0.0,0.0,0.0,5312,452,10,10
Coachstyle,6,6,5,110,18.333333333333332,56,1,522,87.0,173,30,335.6,26445,0.0,0.0,0.0,5312,452,10,10
Taw & Torridge Coaches Ltd,11,11,11,57,5.181818181818182,24,2,429,39.0,74,14,426.5,26445,0.0,0.0,0.0,5312,452,10,10
Transport Connect,42,42,36,946,22.523809523809526,72,2,1847,43.976190476190474,76,18,1892.5,26445,0.0,0.0,0.0,5312,452,10,10
Hodgsons Coach Operators,74,26,29,861,11.635135135135135,49,1,5840,78.91891891891892,295,7,2791.4,26445,0.0,0.0,0.0,5312,452,10,10
Our Bus,19,13,12,91,4.7894736842105265,15,2,901,47.421052631578945,94,9,616.7,26445,0.0,0.0,0.0,5312,452,10,10
Midland Classic Limited,84,27,44,1012,12.047619047619047,58,1,6373,75.86904761904762,189,21,3246.7,26445,0.0,0.0,0.0,5312,452,10,10
National Express (UK Coach),23,18,15,904,39.30434782608695,134,2,148,6.434782608695652,27,2,811.0,26445,0.0,0.0,0.0,5312,452,10,10
Mulleys Motorways Ltd,19,16,19,190,10.0,28,2,784,41.26315789473684,103,7,756.2,26445,0.0,0.0,0.0,5312,452,10,10
Link Rider,1,1,1,2,2.0,2,2,30,30.0,30,30,34.8,26445,0.0,0.0,0.0,5312,452,10,10
A Minibus Plus,2,1,1,10,5.0,5,5,76,38.0,38,38,51.8,26445,0.0,0.0,0.0,5312,452,10,10
Grindles Coaches,2,2,2,4,2.0,2,2,42,21.0,25,17,64.2,26445,0.0,0.0,0.0,5312,452,10,10
Edward Thomas,2,2,2,19,9.5,17,2,60,30.0,58,2,75.6,26445,0.0,0.0,0.0,5312,452,10,10
Eurocoaches Ltd,13,12,12,348,26.76923076923077,79,7,1193,91.76923076923077,171,42,797.1,26445,0.0,0.0,0.0,5312,452,10,10
TK Travel,3,3,3,15,5.0,5,5,13,4.333333333333333,6,3,84.9,26445,0.0,0.0,0.0,5312,452,10,10
Huyton Travel,51,29,42,1168,22.901960784313726,104,1,2999,58.80392156862745,211,7,2286.9,26445,0.0,0.0,0.0,5312,452,10,10
PC Coaches of Lincoln,53,44,45,526,9.924528301886792,86,2,2677,50.509433962264154,101,7,2128.5,26445,0.0,0.0,0.0,5312,452,10,10
Heatons Coaches,1,1,1,2,2.0,2,2,77,77.0,77,77,48.9,26445,0.0,0.0,0.0,5312,452,10,10
trentbarton,39,34,34,10069,258.1794871794872,624,34,4826,123.74358974358974,395,7,6325.4,26445,0.0,0.0,0.0,5312,452,10,10
Redwoods Travel,3,3,3,6,2.0,2,2,102,34.0,47,21,108.0,26445,0.0,0.0,0.0,5312,452,10,10
C G Myall & Son,3,3,3,6,2.0,2,2,130,43.333333333333336,65,14,116.4,26445,0.0,0.0,0.0,5312,452,10,10
KP CABS Cornwall,3,1,1,131,43.666666666666664,67,20,39,13.0,13,13,89.1,26445,0.0,0.0,0.0,5312,452,10,10
Skills Motor Coaches Ltd,2,1,2,165,82.5,96,69,33,16.5,17,16,115.9,26445,0.0,0.0,0.0,5312,452,10,10
Sweyne Coaches,1,1,1,45,45.0,45,45,27,27.0,27,27,51.1,26445,0.0,0.0,0.0,5312,452,10,10
Grayscroft Coaches,8,8,8,33,4.125,11,2,724,90.5,136,37,430.4,26445,0.0,0.0,0.0,5312,452,10,10
Travel Masters,27,27,24,105,3.888888888888889,46,1,2154,79.77777777777777,115,14,1318.2,26445,0.0,0.0,0.0,5312,452,10,10
York Pullman Bus Company,34,18,21,412,12.117647058823529,61,1,1817,53.44117647058823,284,3,1204.9,26445,0.0,0.0,0.0,5312,452,10,10
Drm (Bromyard) Limited,7,7,7,142,20.285714285714285,62,2,454,64.85714285714286,115,15,368.0,26445,0.0,0.0,0.0,5312,452,10,10
Cruisers,1,1,1,12,12.0,12,12,118,118.0,118,118,65.2,26445,0.0,0.0,0.0,5312,452,10,10
Sleafordian,23,22,22,133,5.782608695652174,43,1,1114,48.43478260869565,91,13,937.4,26445,0.0,0.0,0.0,5312,452,10,10
Richmonds Coaches,24,10,12,96,4.0,14,1,904,37.666666666666664,66,15,589.6,26445,0.0,0.0,0.0,5312,452,10,10
Bland's (Rutland) Ltd,42,19,19,115,2.738095238095238,25,1,1376,32.76190476190476,100,5,933.8,26445,0.0,0.0,0.0,5312,452,10,10
Stantons of Stoke,14,9,11,118,8.428571428571429,25,2,749,53.5,88,12,526.9,26445,0.0,0.0,0.0,5312,452,10,10
CommMiniBus,7,7,7,33,4.714285714285714,12,2,289,41.285714285714285,89,22,274.9,26445,0.0,0.0,0.0,5312,452,10,10
Libra Travel,7,6,6,64,9.142857142857142,21,2,506,72.28571428571429,130,49,327.4,26445,0.0,0.0,0.0,5312,452,10,10
Coventry Minibuses,11,6,8,33,3.0,6,2,615,55.90909090909091,105,10,377.7,26445,0.0,0.0,0.0,5312,452,10,10
Whippet Coaches,43,7,9,1020,23.72093023255814,57,1,3902,90.74418604651163,146,15,1783.6,26445,0.0,0.0,0.0,5312,452,10,10
Steve Keats of Sheffield,3,3,3,6,2.0,2,2,314,104.66666666666667,123,76,171.6,26445,0.0,0.0,0.0,5312,452,10,10
21 Transport,5,5,5,49,9.8,16,5,331,66.2,109,18,243.9,26445,0.0,0.0,0.0,5312,452,10,10
David Goodfellow Travel,16,5,7,281,17.5625,26,5,550,34.375,103,3,432.4,26445,0.0,0.0,0.0,5312,452,10,10
Globe,55,16,28,724,13.163636363636364,32,1,6292,114.4,198,27,2757.2,26445,0.0,0.0,0.0,5312,452,10,10
Kevendy's Travel,2,2,2,4,2.0,2,2,48,24.0,36,12,66.0,26445,0.0,0.0,0.0,5312,452,10,10
Aintree Coaches,5,4,5,36,7.2,28,2,223,44.6,76,3,196.3,26445,0.0,0.0,0.0,5312,452,10,10
A & J Coaches,1,1,1,2,2.0,2,2,28,28.0,28,28,34.2,26445,0.0,0.0,0.0,5312,452,10,10
1st Bus Stop Ltd,19,18,19,86,4.526315789473684,22,2,1272,66.94736842105263,98,20,881.0,26445,0.0,0.0,0.0,5312,452,10,10
Seaford and District Motor Services Ltd,2,2,2,4,2.0,2,2,89,44.5,61,28,78.3,26445,0.0,0.0,0.0,5312,452,10,10
Go-Ahead Group plc,3301,978,716,177187,53.67676461678279,1531,1,298634,90.46773704937898,293,2,180985.0,26445,0.0,0.0,0.0,5312,452,10,10
Ellenvale Coaches,3,2,2,10,3.3333333333333335,4,2,40,13.333333333333334,16,12,66.0,26445,0.0,0.0,0.0,5312,452,10,10
Ability CIC,3,3,3,12,4.0,5,2,31,10.333333333333334,16,2,89.1,26445,0.0,0.0,0.0,5312,452,10,10
A2B Travel (UK) Limited,17,9,17,332,19.529411764705884,52,1,842,49.529411764705884,189,11,730.4,26445,0.0,0.0,0.0,5312,452,10,10
Fowlers Travel,3,3,3,8,2.6666666666666665,4,2,162,54.0,103,23,126.8,26445,0.0,0.0,0.0,5312,452,10,10
Shoreline Suncruisers,8,3,4,163,20.375,49,2,150,18.75,30,9,200.2,26445,0.0,0.0,0.0,5312,452,10,10
TM Travel,29,22,22,1650,56.89655172413793,164,2,2779,95.82758620689656,173,23,2043.7,26445,0.0,0.0,0.0,5312,452,10,10
Coatham Coaches,3,3,2,10,3.3333333333333335,4,2,136,45.333333333333336,92,19,104.8,26445,0.0,0.0,0.0,5312,452,10,10
Langston & Tasker,4,4,4,16,4.0,10,2,95,23.75,68,6,134.9,26445,0.0,0.0,0.0,5312,452,10,10
Beeline Coaches,4,4,4,47,11.75,39,2,417,104.25,163,44,243.9,26445,0.0,0.0,0.0,5312,452,10,10
Moving People,2,2,2,48,24.0,27,21,138,69.0,76,62,110.6,26445,0.0,0.0,0.0,5312,452,10,10
OTS,14,7,14,313,22.357142857142858,56,1,699,49.92857142857143,105,15,614.9,26445,0.0,0.0,0.0,5312,452,10,10
Ensign Bus Co Ltd,64,12,12,1694,26.46875,77,1,3639,56.859375,153,9,2069.3,26445,0.0,0.0,0.0,5312,452,10,10
Coopers Tours Ltd,4,4,4,10,2.5,4,2,141,35.25,62,7,146.3,26445,0.0,0.0,0.0,5312,452,10,10
CT Coaches,4,1,4,36,9.0,16,6,101,25.25,29,21,114.7,26445,0.0,0.0,0.0,5312,452,10,10
Peoples Bus,3,3,2,3,1.0,1,1,79,26.333333333333332,62,6,84.9,26445,0.0,0.0,0.0,5312,452,10,10
Rambler Coaches,8,6,6,16,2.0,2,2,1015,126.875,254,21,460.9,26445,0.0,0.0,0.0,5312,452,10,10
Newport Bus,19,5,5,183,9.631578947368421,24,2,1850,97.36842105263158,161,29,753.2,26445,0.0,0.0,0.0,5312,452,10,10
Fourways Coaches,7,7,7,27,3.857142857142857,6,3,123,17.571428571428573,23,14,222.7,26445,0.0,0.0,0.0,5312,452,10,10
Bear Buses,4,4,4,8,2.0,2,2,25,6.25,11,3,110.7,26445,0.0,0.0,0.0,5312,452,10,10
A B Coaches Ltd,6,6,6,12,2.0,2,2,330,55.0,70,36,253.8,26445,0.0,0.0,0.0,5312,452,10,10
Squarepeg,13,6,7,127,9.76923076923077,23,1,2648,203.69230769230768,332,75,1010.2,26445,0.0,0.0,0.0,5312,452,10,10
Torbay Buses,14,14,14,178,12.714285714285714,46,2,582,41.57142857142857,68,22,595.8,26445,0.0,0.0,0.0,5312,452,10,10
A & M Group - Flexibus,35,31,34,175,5.0,27,2,1248,35.65714285714286,95,7,1264.4,26445,0.0,0.0,0.0,5312,452,10,10
Stagecoach Group,1882,1598,711,180060,95.67481402763018,2017,1,143713,76.36184909670563,302,2,141782.9,26445,0.0,0.0,0.0,5312,452,10,10
WNCT LTD,13,13,13,281,21.615384615384617,71,2,498,38.30769230769231,99,10,586.8,26445,0.0,0.0,0.0,5312,452,10,10
Grant Palmer,2,1,1,2,1.0,1,1,272,136.0,136,136,107.4,26445,0.0,0.0,0.0,5312,452,10,10
Ugobus,1,1,1,54,54.0,54,54,2,2.0,2,2,47.2,26445,0.0,0.0,0.0,5312,452,10,10
Horseman Coaches,6,5,6,36,6.0,10,2,213,35.5,75,15,218.3,26445,0.0,0.0,0.0,5312,452,10,10
Beestons,10,6,6,41,4.1,14,1,193,19.3,60,3,224.3,26445,0.0,0.0,0.0,5312,452,10,10
Axe Valley Mini Travel,13,11,12,112,8.615384615384615,43,1,471,36.23076923076923,66,13,476.1,26445,0.0,0.0,0.0,5312,452,10,10
Notts and Derby,43,27,27,1456,33.86046511627907,345,2,2914,67.76744186046511,215,14,2131.6,26445,0.0,0.0,0.0,5312,452,10,10
Brian Jones Coaches,4,4,4,10,2.5,3,2,269,67.25,112,15,184.7,26445,0.0,0.0,0.0,5312,452,10,10
Safeguard Coaches,12,2,3,562,46.833333333333336,73,16,320,26.666666666666668,28,25,385.8,26445,0.0,0.0,0.0,5312,452,10,10
Phil Haines Coaches,2,2,2,4,2.0,2,2,104,52.0,58,46,82.8,26445,0.0,0.0,0.0,5312,452,10,10
Felix Taxis & Co.,3,3,3,32,10.666666666666666,17,2,144,48.0,62,27,131.0,26445,0.0,0.0,0.0,5312,452,10,10
Sussex Coaches,5,4,4,49,9.8,22,2,187,37.4,66,24,175.7,26445,0.0,0.0,0.0,5312,452,10,10
Metroline Travel Limited,15,10,10,2434,162.26666666666668,397,15,1299,86.6,120,29,1613.3,26445,0.0,0.0,0.0,5312,452,10,10
Warrington Borough Transport Limited,397,46,85,4708,11.858942065491183,107,1,39815,100.2896725440806,2674,12,15562.7,26445,0.0,0.0,0.0,5312,452,10,10
GO-Coach Hire Ltd,72,35,39,483,6.708333333333333,41,1,4551,63.208333333333336,110,4,2493.5,26445,0.0,0.0,0.0,5312,452,10,10
Safeway Coaches Ltd,2,2,2,6,3.0,3,3,90,45.0,59,31,79.4,26445,0.0,0.0,0.0,5312,452,10,10
Shires Passenger Transport,3,3,3,30,10.0,14,8,330,110.0,128,76,186.0,26445,0.0,0.0,0.0,5312,452,10,10
Bus Link,26,18,26,245,9.423076923076923,50,2,1070,41.15384615384615,94,10,989.0,26445,0.0,0.0,0.0,5312,452,10,10
Reptons Coaches,15,8,9,36,2.4,10,1,804,53.6,105,29,470.6,26445,0.0,0.0,0.0,5312,452,10,10
First Bus London,112,23,21,37665,336.29464285714283,1176,6,8861,79.11607142857143,121,7,18269.3,26445,0.0,0.0,0.0,5312,452,10,10
Sheffield Community Transport,2,1,1,42,21.0,21,21,40,20.0,21,19,53.8,26445,0.0,0.0,0.0,5312,452,10,10
Woods of Berwick Ltd,2,1,1,29,14.5,15,14,26,13.0,13,13,44.4,26445,0.0,0.0,0.0,5312,452,10,10
Ashwood Travel,15,15,15,30,2.0,2,2,197,13.133333333333333,22,1,446.1,26445,0.0,0.0,0.0,5312,452,10,10
Minsterley Motors Ltd,13,6,8,143,11.0,25,2,955,73.46153846153847,110,30,523.7,26445,0.0,0.0,0.0,5312,452,10,10
South Staffs,10,7,9,34,3.4,16,2,315,31.5,78,13,313.1,26445,0.0,0.0,0.0,5312,452,10,10
Tally Ho Coaches,9,9,8,129,14.333333333333334,79,2,378,42.0,116,12,375.0,26445,0.0,0.0,0.0,5312,452,10,10
Berry's Coaches,3,3,3,40,13.333333333333334,16,8,37,12.333333333333334,17,9,102.1,26445,0.0,0.0,0.0,5312,452,10,10
Coach Events Services,13,3,3,461,35.46153846153846,75,15,38,2.923076923076923,6,2,270.8,26445,0.0,0.0,0.0,5312,452,10,10
Gateshead Central Taxis,64,33,38,1605,25.078125,94,1,2908,45.4375,146,6,2414.4,26445,0.0,0.0,0.0,5312,452,10,10
Hornsby Travel Service Ltd,13,13,12,451,34.69230769230769,99,12,779,59.92307692307692,148,9,724.1,26445,0.0,0.0,0.0,5312,452,10,10
BM Coaches,2,2,2,65,32.5,48,17,12,6.0,7,5,79.6,26445,0.0,0.0,0.0,5312,452,10,10
Tanat Valley Coaches,26,22,24,270,10.384615384615385,34,2,1134,43.61538461538461,116,6,1028.2,26445,0.0,0.0,0.0,5312,452,10,10
Star Cabs,7,7,7,67,9.571428571428571,38,1,400,57.142857142857146,103,21,321.8,26445,0.0,0.0,0.0,5312,452,10,10
Compass Travel,187,55,69,1456,7.786096256684492,59,1,17047,91.16042780748663,321,3,7281.5,26445,0.0,0.0,0.0,5312,452,10,10
Cotswold Green,15,11,15,109,7.266666666666667,26,2,831,55.4,106,12,627.9,26445,0.0,0.0,0.0,5312,452,10,10
SWTL,5,5,5,10,2.0,2,2,388,77.6,102,36,245.4,26445,0.0,0.0,0.0,5312,452,10,10
Nottinghamshire County Council Fleet Services,14,14,14,180,12.857142857142858,42,4,809,57.785714285714285,139,13,664.7,26445,0.0,0.0,0.0,5312,452,10,10
Boultons of Shropshire Ltd,1,1,1,10,10.0,10,10,13,13.0,13,13,32.9,26445,0.0,0.0,0.0,5312,452,10,10
Rajinder Banga,17,5,6,716,42.11764705882353,87,10,1218,71.6470588235294,94,59,791.8,26445,0.0,0.0,0.0,5312,452,10,10
Ashbourne Little Bus Co,13,5,5,62,4.769230769230769,9,1,810,62.30769230769231,85,4,392.8,26445,0.0,0.0,0.0,5312,452,10,10
Hams Travel,25,22,23,225,9.0,77,1,1708,68.32,152,13,1167.4,26445,0.0,0.0,0.0,5312,452,10,10
Travel Express,18,8,8,605,33.611111111111114,112,2,815,45.27777777777778,76,31,686.5,26445,0.0,0.0,0.0,5312,452,10,10
Arriva UK Bus,3268,579,522,99655,30.49418604651163,1433,1,327247,100.13678090575276,309,3,151656.1,26445,0.0,0.0,0.0,5312,452,10,10
Autocar Bus & Coach Services,19,14,14,187,9.842105263157896,66,2,927,48.78947368421053,108,19,702.9,26445,0.0,0.0,0.0,5312,452,10,10
Thames Valley Buses,65,26,34,5122,78.8,1689,2,5697,87.64615384615385,1370,7,4527.9,26445,0.0,0.0,0.0,5312,452,10,10
Cuckmere Buses,39,25,23,211,5.410256410256411,13,1,1993,51.1025641025641,110,8,1277.3,26445,0.0,0.0,0.0,5312,452,10,10
Centrebus Group,916,196,210,14567,15.902838427947598,115,1,79409,86.6910480349345,271,3,34759.5,26445,0.0,0.0,0.0,5312,452,10,10
FirstGroup plc,1395,645,397,215290,154.32974910394265,1163,1,115976,83.13691756272401,311,2,133313.8,26445,0.0,0.0,0.0,5312,452,10,10
Belle Vue,7,3,3,89,12.714285714285714,26,2,1010,144.28571428571428,180,39,413.6,26445,0.0,0.0,0.0,5312,452,10,10
L & G Coaches,2,2,2,4,2.0,2,2,42,21.0,23,19,64.2,26445,0.0,0.0,0.0,5312,452,10,10
BCT,5,3,3,79,15.8,55,2,428,85.6,116,51,235.0,26445,0.0,0.0,0.0,5312,452,10,10
Rooster Bus Ltd,2,2,2,4,2.0,2,2,53,26.5,27,26,67.5,26445,0.0,0.0,0.0,5312,452,10,10
Nottingham Minibuses & Coaches Ltd,23,19,19,64,2.782608695652174,10,1,745,32.391304347826086,67,2,724.1,26445,0.0,0.0,0.0,5312,452,10,10
Wilfreda Beehive,17,17,17,42,2.4705882352941178,12,1,466,27.41176470588235,86,3,581.6,26445,0.0,0.0,0.0,5312,452,10,10
UMC,2,1,1,89,44.5,56,33,12,6.0,6,6,64.2,26445,0.0,0.0,0.0,5312,452,10,10
M&R Travel,2,2,2,4,2.0,2,2,30,15.0,17,13,60.6,26445,0.0,0.0,0.0,5312,452,10,10
Brookline Coaches Ltd,6,5,6,46,7.666666666666667,36,2,350,58.333333333333336,97,32,263.4,26445,0.0,0.0,0.0,5312,452,10,10
Holmeswood Coaches Ltd,3,2,2,165,55.0,55,55,453,151.0,199,121,251.9,26445,0.0,0.0,0.0,5312,452,10,10
Golden Tours,2,2,2,33,16.5,26,7,14,7.0,10,4,67.4,26445,0.0,0.0,0.0,5312,452,10,10
Troopers Lodge,1,1,1,23,23.0,23,23,34,34.0,34,34,44.4,26445,0.0,0.0,0.0,5312,452,10,10
Harrogate Coach Travel Ltd,32,18,18,622,19.4375,46,2,2530,79.0625,166,10,1457.8,26445,0.0,0.0,0.0,5312,452,10,10
NIBSbuses,34,24,34,337,9.911764705882353,43,1,2254,66.29411764705883,146,9,1561.0,26445,0.0,0.0,0.0,5312,452,10,10
Acklams Coaches,9,8,9,69,7.666666666666667,12,4,1239,137.66666666666666,286,8,614.3,26445,0.0,0.0,0.0,5312,452,10,10
Liverpool City Sights,4,1,1,177,44.25,51,36,56,14.0,14,14,112.6,26445,0.0,0.0,0.0,5312,452,10,10
Station Coaches,6,4,4,60,10.0,18,2,227,37.833333333333336,65,9,192.1,26445,0.0,0.0,0.0,5312,452,10,10
Hopleys Coaches,2,2,2,52,26.0,30,22,116,58.0,63,53,105.6,26445,0.0,0.0,0.0,5312,452,10,10
Bayliss Executive Travel,2,1,1,4,2.0,2,2,98,49.0,49,49,56.0,26445,0.0,0.0,0.0,5312,452,10,10
Sanders Coaches,130,58,64,2814,21.646153846153847,141,2,7203,55.40769230769231,151,7,4826.5,26445,0.0,0.0,0.0,5312,452,10,10
Tyrers Coaches,7,3,3,103,14.714285714285714,27,1,532,76.0,175,22,275.8,26445,0.0,0.0,0.0,5312,452,10,10
ASD Coaches,14,9,10,160,11.428571428571429,53,1,624,44.57142857142857,94,24,491.2,26445,0.0,0.0,0.0,5312,452,10,10
Glen Valley Tours,14,5,5,82,5.857142857142857,22,2,700,50.0,68,3,367.8,26445,0.0,0.0,0.0,5312,452,10,10
Faversham,2,2,2,12,6.0,6,6,101,50.5,57,44,85.1,26445,0.0,0.0,0.0,5312,452,10,10
Falcon Buses,83,27,27,1195,14.397590361445783,69,1,9098,109.6144578313253,189,26,3882.4,26445,0.0,0.0,0.0,5312,452,10,10
City Transport Group,6,3,3,386,64.33333333333333,133,14,152,25.333333333333332,30,21,275.0,26445,0.0,0.0,0.0,5312,452,10,10
Rotala Group of Companies,398,143,163,11612,29.175879396984925,168,1,58903,147.99748743718592,1373,2,26190.7,26445,0.0,0.0,0.0,5312,452,10,10
Transport Made Simple,549,159,185,5851,10.657559198542804,71,1,39038,71.10746812386157,179,5,18416.8,26445,0.0,0.0,0.0,5312,452,10,10
Walsall Community Transport,12,1,6,166,13.833333333333334,20,5,830,69.16666666666667,146,20,415.4,26445,0.0,0.0,0.0,5312,452,10,10
Transport for Greater Manchester,1453,568,566,42900,29.525120440467997,612,1,125426,86.32209222298692,233,6,68957.8,26445,0.0,0.0,0.0,5312,452,10,10
Sullivan Buses,49,22,22,1385,28.26530612244898,406,1,4120,84.08163265306122,178,3,2340.0,26445,0.0,0.0,0.0,5312,452,10,10
Community Transport,2,1,2,6,3.0,3,3,90,45.0,51,39,69.4,26445,0.0,0.0,0.0,5312,452,10,10
MD Bus & Coach,24,13,15,151,6.291666666666667,24,1,794,33.083333333333336,90,3,653.6,26445,0.0,0.0,0.0,5312,452,10,10
Faresaver Buses,50,33,50,1053,21.06,169,1,2816,56.32,168,8,2346.0,26445,0.0,0.0,0.0,5312,452,10,10
St Ives Bus Co,2,2,2,68,34.0,38,30,11,5.5,8,3,80.5,26445,0.0,0.0,0.0,5312,452,10,10
Marshalls of Sutton on Trent,16,7,13,75,4.6875,16,1,1060,66.25,107,2,613.0,26445,0.0,0.0,0.0,5312,452,10,10
Cumfybus,15,10,11,101,6.733333333333333,36,1,466,31.066666666666666,62,15,445.2,26445,0.0,0.0,0.0,5312,452,10,10
The Clovelly Estate Co,1,1,1,2,2.0,2,2,3,3.0,3,3,26.7,26445,0.0,0.0,0.0,5312,452,10,10
Hawkes Coaches,6,2,3,41,6.833333333333333,15,2,51,8.5,21,2,96.7,26445,0.0,0.0,0.0,5312,452,10,10
BorderBus Ltd,30,22,24,420,14.0,46,2,1847,61.56666666666667,182,16,1302.1,26445,0.0,0.0,0.0,5312,452,10,10
John Dix Travel,10,10,10,20,2.0,2,2,995,99.5,185,11,556.5,26445,0.0,0.0,0.0,5312,452,10,10
Albatross Coaches,1,1,1,6,6.0,6,6,71,71.0,71,71,48.7,26445,0.0,0.0,0.0,5312,452,10,10
Abellio London Ltd,11,7,6,3007,273.3636363636364,629,113,959,87.18181818181819,121,40,1650.5,26445,0.0,0.0,0.0,5312,452,10,10
First & Last Mile,7,7,7,16,2.2857142857142856,4,2,287,41.0,52,26,267.5,26445,0.0,0.0,0.0,5312,452,10,10
Hollinshead Coaches,1,1,1,20,20.0,20,20,12,12.0,12,12,36.6,26445,0.0,0.0,0.0,5312,452,10,10
Cardinal Buses,7,7,7,17,2.4285714285714284,3,2,365,52.142857142857146,112,7,291.3,26445,0.0,0.0,0.0,5312,452,10,10
Hattons Transport Ltd,17,17,16,191,11.235294117647058,44,1,848,49.88235294117647,227,11,740.8,26445,0.0,0.0,0.0,5312,452,10,10
Andrews Coaches,6,4,6,71,11.833333333333334,18,4,653,108.83333333333333,171,10,354.3,26445,0.0,0.0,0.0,5312,452,10,10
K B Coaches,2,2,2,2,1.0,1,1,15,7.5,10,5,55.3,26445,0.0,0.0,0.0,5312,452,10,10
OWNC,2,2,2,8,4.0,4,4,36,18.0,22,14,64.0,26445,0.0,0.0,0.0,5312,452,10,10
Frome Bus,38,21,36,361,9.5,35,1,1393,36.6578947368421,95,7,1312.3,26445,0.0,0.0,0.0,5312,452,10,10
TLC Travel Ltd,105,42,42,1453,13.838095238095239,57,1,7364,70.13333333333334,189,13,3840.4,26445,0.0,0.0,0.0,5312,452,10,10
Hedge the Distance,1,1,1,2,2.0,2,2,14,14.0,14,14,30.0,26445,0.0,0.0,0.0,5312,452,10,10
JW Lodge & Sons,1,1,1,6,6.0,6,6,55,55.0,55,55,43.9,26445,0.0,0.0,0.0,5312,452,10,10
Regent Coaches,22,10,10,118,5.363636363636363,24,1,1529,69.5,114,36,755.9,26445,0.0,0.0,0.0,5312,452,10,10
