Operator,TotalServices,TotalTrips,AverageTrips,TotalStops,AverageStops,UniqueRoutes,UniqueServiceCodes
Whites Coaches,1,4,4.0,91,91.0,1,1
Grayscroft Coaches,8,33,4.125,724,90.5,8,8
Globe,55,724,13.163636363636364,6292,114.4,28,16
Hattons Transport Ltd,17,191,11.235294117647058,848,49.88235294117647,16,17
C G Myall & Son,3,6,2.0,130,43.333333333333336,3,3
BorderBus Ltd,30,420,14.0,1847,61.56666666666667,24,22
Hams Travel,25,225,9.0,1708,68.32,23,22
Dents Coaches,1,2,2.0,25,25.0,1,1
ZandS Transport,17,99,5.823529411764706,662,38.94117647058823,17,14
Evolve Bus & Coach,2,38,19.0,103,51.5,2,2
Berry's Coaches,3,40,13.333333333333334,37,12.333333333333334,3,3
Grindles Coaches,2,4,2.0,42,21.0,2,2
Nottingham City Transport Ltd,41,10850,264.6341463414634,3268,79.70731707317073,39,39
NBM Hire,2,11,5.5,60,30.0,1,1
Dan's Coach Travel,1,13,13.0,141,141.0,1,1
Falcon Buses,83,1195,14.397590361445783,9098,109.6144578313253,27,27
BCT,5,79,15.8,428,85.6,3,3
Compass Travel,187,1456,7.786096256684492,17047,91.16042780748663,69,55
Woods of Berwick Ltd,2,29,14.5,26,13.0,1,1
Oakleys Coaches,5,60,12.0,199,39.8,5,5
Eurocoaches Ltd,13,348,26.76923076923077,1193,91.76923076923077,12,12
Cardinal Buses,7,17,2.4285714285714284,365,52.142857142857146,7,7
Transdev,117,9511,81.2905982905983,11757,100.48717948717949,101,115
PETER HOGG OF JEDBURGH,4,24,6.0,480,120.0,1,2
Cogenhoe and Whiston Parish Council,1,15,15.0,136,136.0,1,1
A2B Travel (UK) Limited,17,332,19.529411764705884,842,49.529411764705884,17,9
Heatons Coaches,1,2,2.0,77,77.0,1,1
Totnes Community Bus,5,31,6.2,118,23.6,5,5
Manchester Bus Tours,4,27,6.75,44,11.0,1,1
Imperial Coaches,10,20,2.0,170,17.0,10,10
Skills Motor Coaches Ltd,2,165,82.5,33,16.5,2,1
Blueworks Taxis,14,52,3.7142857142857144,579,41.357142857142854,5,7
Sullivan Buses,49,1385,28.26530612244898,4120,84.08163265306122,22,22
Stagecoach Group,1882,180060,95.67481402763018,143713,76.36184909670563,711,1598
M&H Coaches,2,49,24.5,278,139.0,1,1
Ensign Bus Co Ltd,64,1694,26.46875,3639,56.859375,12,12
Taw & Torridge Coaches Ltd,11,57,5.181818181818182,429,39.0,11,11
Kevendy's Travel,2,4,2.0,48,24.0,2,2
Blue Buses,3,20,6.666666666666667,127,42.333333333333336,2,2
Autocar Bus & Coach Services,19,187,9.842105263157896,927,48.78947368421053,14,14
Ipswich Buses,32,2581,80.65625,1939,60.59375,32,32
Huyton Travel,51,1168,22.901960784313726,2999,58.80392156862745,42,29
Link Rider,1,2,2.0,30,30.0,1,1
Fords Coaches,11,22,2.0,437,39.72727272727273,11,11
First Bus London,112,37665,336.29464285714283,8861,79.11607142857143,21,23
Abus,3,36,12.0,241,80.33333333333333,3,2
Phil Haines Coaches,2,4,2.0,104,52.0,2,2
National Express West Midlands,266,80802,303.76691729323306,26380,99.17293233082707,118,152
GATWICK HOPPA LTD,2,81,40.5,11,5.5,2,2
Isle Valley Transport,5,23,4.6,150,30.0,5,5
A2B Travel Group Ltd,19,284,14.947368421052632,1443,75.94736842105263,19,18
Liverpool City Sights,4,177,44.25,56,14.0,1,1
Vision Bus,18,373,20.72222222222222,1414,78.55555555555556,6,5
Regional Transport Ltd,1,10,10.0,17,17.0,1,1
John Dix Travel,10,20,2.0,995,99.5,10,10
Dartmouth Steam Railway And River Boat Company,4,144,36.0,8,2.0,1,1
SMT Bus and Coach,4,139,34.75,167,41.75,4,3
CVS ESSEX LIMITED,1,4,4.0,16,16.0,1,1
Transport Made Simple,549,5851,10.657559198542804,39038,71.10746812386157,185,159
White Bus,46,1128,24.52173913043478,3892,84.6086956521739,18,14
Midland Classic Limited,84,1012,12.047619047619047,6373,75.86904761904762,44,27
Warrington Borough Transport Limited,397,4708,11.858942065491183,39815,100.2896725440806,85,46
Star Travel,2,9,4.5,72,36.0,2,1
Marshalls Coaches LLP,19,39,2.0526315789473686,2074,109.15789473684211,18,18
Stringers Pontefract Motorways,2,43,21.5,84,42.0,1,1
Reptons Coaches,15,36,2.4,804,53.6,9,8
Ross Travel,6,134,22.333333333333332,732,122.0,3,2
Wright Bros Coaches,4,8,2.0,359,89.75,2,4
Tanat Valley Coaches,26,270,10.384615384615385,1134,43.61538461538461,24,22
1st Bus Stop Ltd,19,86,4.526315789473684,1272,66.94736842105263,19,18
Ashwood Travel,15,30,2.0,197,13.133333333333333,15,15
Brylaine Travel,25,458,18.32,1650,66.0,23,25
Atlantic Travel,33,54,1.6363636363636365,2123,64.33333333333333,23,23
Seaford and District Motor Services Ltd,2,4,2.0,89,44.5,2,2
PC Coaches of Lincoln,53,526,9.924528301886792,2677,50.509433962264154,45,44
Coach Services,23,310,13.478260869565217,1234,53.65217391304348,22,15
Coopers Tours Ltd,4,10,2.5,141,35.25,4,4
Taxico (Aimee's),9,45,5.0,359,39.888888888888886,9,8
Lakeland Commercials,1,6,6.0,24,24.0,1,1
Rotala Group of Companies,398,11612,29.175879396984925,58903,147.99748743718592,163,143
Sargeants Bros. Coaches Ltd,42,355,8.452380952380953,3177,75.64285714285714,21,20
Durham County Council,21,471,22.428571428571427,1710,81.42857142857143,17,18
Thornes Independent Ltd,6,14,2.3333333333333335,240,40.0,4,4
Fourways Coaches,7,27,3.857142857142857,123,17.571428571428573,7,7
Red Eagle,91,665,7.3076923076923075,6319,69.43956043956044,54,39
Marchants Coaches,10,20,2.0,788,78.8,10,10
Acklams Coaches,9,69,7.666666666666667,1239,137.66666666666666,9,8
Brookline Coaches Ltd,6,46,7.666666666666667,350,58.333333333333336,6,5
Brian Jones Coaches,4,10,2.5,269,67.25,4,4
Centaur Coaches,3,13,4.333333333333333,308,102.66666666666667,3,2
Hodgsons Coach Operators,74,861,11.635135135135135,5840,78.91891891891892,29,26
Chalkwell,10,294,29.4,983,98.3,10,10
South Staffs,10,34,3.4,315,31.5,9,7
Hopleys Coaches,2,52,26.0,116,58.0,2,2
Reading Buses,98,7117,72.62244897959184,5374,54.83673469387755,73,40
The Clovelly Estate Co,1,2,2.0,3,3.0,1,1
Faversham,2,12,6.0,101,50.5,2,2
Nick Maddy Coaches,22,70,3.1818181818181817,824,37.45454545454545,15,14
Station Coaches,6,60,10.0,227,37.833333333333336,4,4
Frome Bus,38,361,9.5,1393,36.6578947368421,36,21
Wilfreda Beehive,17,42,2.4705882352941178,466,27.41176470588235,17,17
Rambler Coaches,8,16,2.0,1015,126.875,6,6
James Bevan,2,4,2.0,50,25.0,2,2
Steve Keats of Sheffield,3,6,2.0,314,104.66666666666667,3,3
Jim Hughes Coaches,87,184,2.1149425287356323,2930,33.67816091954023,83,82
Hawkes Coaches,6,41,6.833333333333333,51,8.5,3,2
trentbarton,39,10069,258.1794871794872,4826,123.74358974358974,34,34
Axe Valley Mini Travel,13,112,8.615384615384615,471,36.23076923076923,12,11
Carlone Buses,11,234,21.272727272727273,771,70.0909090909091,8,7
Western Dales Bus,9,40,4.444444444444445,388,43.111111111111114,5,5
E Stott & Sons Ltd,38,212,5.578947368421052,2159,56.81578947368421,16,10
Thandi Red,3,6,2.0,51,17.0,3,3
Stevenson's Travel,2,9,4.5,76,38.0,2,1
Whippet Coaches,43,1020,23.72093023255814,3902,90.74418604651163,9,7
Somerset County Council,31,374,12.064516129032258,1102,35.54838709677419,30,31
Safeway Coaches Ltd,2,6,3.0,90,45.0,2,2
Horseman Coaches,6,36,6.0,213,35.5,6,5
Abellio London Ltd,11,3007,273.3636363636364,959,87.18181818181819,6,7
CT4N Ltd,31,388,12.516129032258064,2767,89.25806451612904,21,19
A B Coaches Ltd,6,12,2.0,330,55.0,6,6
Liberty Coaches,7,98,14.0,365,52.142857142857146,3,3
Red Rose Travel,156,1662,10.653846153846153,11176,71.64102564102564,55,44
M&R Travel,2,4,2.0,30,15.0,2,2
Pauls Travel,1,4,4.0,59,59.0,1,1
Kirkby Lonsdale Coaches,32,432,13.5,1429,44.65625,16,15
Centrebus Group,916,14567,15.902838427947598,79409,86.6910480349345,210,196
Belle Vue,7,89,12.714285714285714,1010,144.28571428571428,3,3
WNCT LTD,13,281,21.615384615384617,498,38.30769230769231,13,13
Go-Ahead Group plc,3301,177187,53.67676461678279,298634,90.46773704937898,716,978
Libra Travel,7,64,9.142857142857142,506,72.28571428571429,6,6
Ambassador  Semmence,11,48,4.363636363636363,669,60.81818181818182,8,8
Lucketts Travel,3,72,24.0,81,27.0,3,3
OWNC,2,8,4.0,36,18.0,2,2
Torbay Buses,14,178,12.714285714285714,582,41.57142857142857,14,14
Gem Travel,1,2,2.0,26,26.0,1,1
Coatham Coaches,3,10,3.3333333333333335,136,45.333333333333336,2,3
GO-Coach Hire Ltd,72,483,6.708333333333333,4551,63.208333333333336,39,35
Grant Palmer,2,2,1.0,272,136.0,1,1
Delaine Buses Ltd,60,489,8.15,5086,84.76666666666667,11,7
Shires Passenger Transport,3,30,10.0,330,110.0,3,3
Royal Buses,13,1689,129.92307692307693,125,9.615384615384615,4,3
Coachstyle,6,110,18.333333333333332,522,87.0,5,6
Redline Buses,47,981,20.872340425531913,3017,64.19148936170212,21,13
Bear Buses,4,8,2.0,25,6.25,4,4
Glen Valley Tours,14,82,5.857142857142857,700,50.0,5,5
Solus Coaches,5,69,13.8,73,14.6,5,5
Beestons,10,41,4.1,193,19.3,6,6
Catteralls,7,14,2.0,134,19.142857142857142,7,7
Felix Taxis & Co.,3,32,10.666666666666666,144,48.0,3,3
Aintree Coaches,5,36,7.2,223,44.6,5,4
TLC Travel Ltd,105,1453,13.838095238095239,7364,70.13333333333334,42,42
Discover Dorset,1,32,32.0,93,93.0,1,1
Landflight,2,42,21.0,216,108.0,1,1
Tyrers Coaches,7,103,14.714285714285714,532,76.0,3,3
TM Travel,29,1650,56.89655172413793,2779,95.82758620689656,22,22
HADLOW RURAL COMMUNITY SCHOOL LIMITED,1,3,3.0,56,56.0,1,1
Peoples Bus,3,3,1.0,79,26.333333333333332,2,3
N.N. Cresswell,1,13,13.0,28,28.0,1,1
Starline,2,6,3.0,98,49.0,1,1
KP CABS Cornwall,3,131,43.666666666666664,39,13.0,1,1
South West Coaches,18,369,20.5,992,55.111111111111114,15,10
TK Travel,3,15,5.0,13,4.333333333333333,3,3
Littles Travel,9,48,5.333333333333333,704,78.22222222222223,6,5
West Oxfordshire Community Transport,11,85,7.7272727272727275,294,26.727272727272727,10,10
Travel Cornwall,1,2,2.0,92,92.0,1,1
A & M Group - Flexibus,35,175,5.0,1248,35.65714285714286,34,31
Sharpes of Nottingham,11,29,2.6363636363636362,348,31.636363636363637,11,11
Pilkingtonbus,23,226,9.826086956521738,1168,50.78260869565217,22,22
Bland's (Rutland) Ltd,42,115,2.738095238095238,1376,32.76190476190476,19,19
Sheffield Community Transport,2,42,21.0,40,20.0,1,1
Coastal & Country Coaches,7,50,7.142857142857143,112,16.0,2,2
Bus Link,26,245,9.423076923076923,1070,41.15384615384615,26,18
Hedge the Distance,1,2,2.0,14,14.0,1,1
Hollinshead Coaches,1,20,20.0,12,12.0,1,1
Regent Coaches,22,118,5.363636363636363,1529,69.5,10,10
Stowmarket Minibus & Coach Hire,2,4,2.0,66,33.0,1,1
CT Coaches,4,36,9.0,101,25.25,4,1
Shoreline Suncruisers,8,163,20.375,150,18.75,4,3
Walsall Community Transport,12,166,13.833333333333334,830,69.16666666666667,6,1
Stantons of Stoke,14,118,8.428571428571429,749,53.5,11,9
Masons Travel,16,32,2.0,1325,82.8125,8,8
Archway Travel,5,278,55.6,847,169.4,5,5
Sussex Coaches,5,49,9.8,187,37.4,4,4
Travel Express,18,605,33.611111111111114,815,45.27777777777778,8,8
National Express (UK Coach),23,904,39.30434782608695,148,6.434782608695652,15,18
St Ives Bus Co,2,68,34.0,11,5.5,2,2
Ugobus,1,54,54.0,2,2.0,1,1
Our Bus,19,91,4.7894736842105265,901,47.421052631578945,12,13
York Pullman Bus Company,34,412,12.117647058823529,1817,53.44117647058823,21,18
K B Coaches,2,2,1.0,15,7.5,2,2
Arriva UK Bus,3268,99655,30.49418604651163,327247,100.13678090575276,522,579
Newport Bus,19,183,9.631578947368421,1850,97.36842105263158,5,5
Aston Coaches,3,18,6.0,219,73.0,2,2
Community Transport,2,6,3.0,90,45.0,2,1
Kempsford UK,4,65,16.25,189,47.25,4,4
AJT,1,205,205.0,2,2.0,1,1
Fargo Coaches,1,2,2.0,30,30.0,1,1
London Vintage Bus Hire (trading as The London Bus Company),1,27,27.0,122,122.0,1,1
Boultons of Shropshire Ltd,1,10,10.0,13,13.0,1,1
B P Brown Travel Ltd,55,612,11.127272727272727,2570,46.72727272727273,35,23
Holmeswood Coaches Ltd,3,165,55.0,453,151.0,2,2
Borders Buses,11,661,60.09090909090909,825,75.0,10,11
Redwoods Travel,3,6,2.0,102,34.0,3,3
Woods Coaches Ltd,1,92,92.0,2,2.0,1,1
Bennetts Travel,3,41,13.666666666666666,23,7.666666666666667,3,3
Sweynes,1,2,2.0,18,18.0,1,1
Ellenvale Coaches,3,10,3.3333333333333335,40,13.333333333333334,2,2
Ashcroft Travel Ltd,10,106,10.6,449,44.9,10,8
Star Cabs,7,67,9.571428571428571,400,57.142857142857146,7,7
Squarepeg,13,127,9.76923076923077,2648,203.69230769230768,7,6
Beeline Coaches,4,47,11.75,417,104.25,4,4
Rajinder Banga,17,716,42.11764705882353,1218,71.6470588235294,6,5
Bennetts Coaches,15,70,4.666666666666667,197,13.133333333333333,15,15
F R Willetts,7,21,3.0,552,78.85714285714286,7,7
Cotswold Green,15,109,7.266666666666667,831,55.4,15,11
Thames Valley Buses,65,5122,78.8,5697,87.64615384615385,34,26
Coach Events Services,13,461,35.46153846153846,38,2.923076923076923,3,3
Cuckmere Buses,39,211,5.410256410256411,1993,51.1025641025641,23,25
Hatch Green Coaches,19,223,11.736842105263158,1174,61.78947368421053,18,18
Vickery’s Coaches,1,0,0.0,9,9.0,1,1
The Big Lemon CIC,5,222,44.4,453,90.6,5,5
R & J Coaches,2,4,2.0,164,82.0,2,2
Acme Bus Co,6,12,2.0,103,17.166666666666668,6,6
A Lyles & Son,9,58,6.444444444444445,475,52.77777777777778,8,8
Jacksons of Silsden,2,24,12.0,150,75.0,1,1
Mulleys Motorways Ltd,19,190,10.0,784,41.26315789473684,19,16
Telford Coaches,7,40,5.714285714285714,438,62.57142857142857,5,5
Celtic Travel,3,37,12.333333333333334,274,91.33333333333333,3,3
Travel Masters,27,105,3.888888888888889,2154,79.77777777777777,24,27
Richmonds Coaches,24,96,4.0,904,37.666666666666664,12,10
Cavern City Tours,1,14,14.0,10,10.0,1,1
Lakeside Coaches Ltd,9,163,18.11111111111111,326,36.22222222222222,9,9
MD Bus & Coach,24,151,6.291666666666667,794,33.083333333333336,15,13
Carolean Coaches,13,339,26.076923076923077,880,67.6923076923077,6,5
ASD Coaches,14,160,11.428571428571429,624,44.57142857142857,10,9
Bakers Dolphin,8,16,2.0,418,52.25,8,5
Country Bus,31,621,20.032258064516128,1566,50.516129032258064,30,30
Ability CIC,3,12,4.0,31,10.333333333333334,3,3
Crosskeys Coaches,6,12,2.0,122,20.333333333333332,6,5
Fowlers Travel,3,8,2.6666666666666665,162,54.0,3,3
OTS,14,313,22.357142857142858,699,49.92857142857143,14,7
Nu-Venture,44,576,13.090909090909092,2720,61.81818181818182,44,44
SWTL,5,10,2.0,388,77.6,5,5
Chepstow Classic Buses,1,2,2.0,16,16.0,1,1
Yeomans Travel,96,515,5.364583333333333,3978,41.4375,43,27
Ferryhill Village Travel,1,3,3.0,80,80.0,1,1
Andrews Coaches,6,71,11.833333333333334,653,108.83333333333333,6,4
Ron W Dew & Son Ltd,39,274,7.0256410256410255,2127,54.53846153846154,23,19
NIBSbuses,34,337,9.911764705882353,2254,66.29411764705883,34,24
First & Last Mile,7,16,2.2857142857142856,287,41.0,7,7
Peter Hodgson,4,18,4.5,268,67.0,2,2
Coventry Minibuses,11,33,3.0,615,55.90909090909091,8,6
M R D,3,16,5.333333333333333,41,13.666666666666666,3,3
Dartline Coaches,50,953,19.06,2559,51.18,49,47
Gateshead Central Taxis,64,1605,25.078125,2908,45.4375,38,33
Tally Ho Coaches,9,129,14.333333333333334,378,42.0,8,9
SUNBEAM COACHES,9,24,2.6666666666666665,429,47.666666666666664,8,8
Lords Travel,8,8,1.0,156,19.5,3,3
Ashbourne Little Bus Co,13,62,4.769230769230769,810,62.30769230769231,5,5
Rooster Bus Ltd,2,4,2.0,53,26.5,2,2
Duck Tours,2,8,4.0,2,1.0,2,2
Coastal Red Limited,66,736,11.151515151515152,5451,82.5909090909091,25,17
Yorkshire Buses,16,218,13.625,2079,129.9375,8,7
Greenslades,3,107,35.666666666666664,174,58.0,3,3
AC Williams,1,2,2.0,49,49.0,1,1
Taylors Travel,15,31,2.066666666666667,561,37.4,15,14
Transport for Greater Manchester,1453,42900,29.525120440467997,125426,86.32209222298692,566,568
HOWARDS TRAVEL AND OMEGA BUSWAYS LIMITED,5,68,13.6,156,31.2,5,3
Notts and Derby,43,1456,33.86046511627907,2914,67.76744186046511,27,27
L & G Coaches,2,4,2.0,42,21.0,2,2
Moving People,2,48,24.0,138,69.0,2,2
Harrogate Coach Travel Ltd,32,622,19.4375,2530,79.0625,18,18
Clarkes of London,1,88,88.0,9,9.0,1,1
Sweyne Coaches,1,45,45.0,27,27.0,1,1
Marshalls of Sutton on Trent,16,75,4.6875,1060,66.25,13,7
Mikro coaches,1,10,10.0,87,87.0,1,1
A & J Coaches,1,2,2.0,28,28.0,1,1
Stephensons of Essex Ltd,96,1124,11.708333333333334,5804,60.458333333333336,96,67
Lucketts of Watford,2,72,36.0,10,5.0,1,1
West Berkshire Council,6,20,3.3333333333333335,513,85.5,4,3
Bayliss Executive Travel,2,4,2.0,98,49.0,1,1
Al's Coaches,105,160,1.5238095238095237,3882,36.97142857142857,63,62
Drm (Bromyard) Limited,7,142,20.285714285714285,454,64.85714285714286,7,7
Cresta Coaches,7,21,3.0,289,41.285714285714285,7,7
Sanders Coaches,130,2814,21.646153846153847,7203,55.40769230769231,64,58
JW Lodge & Sons,1,6,6.0,55,55.0,1,1
Fareline Bus & Coach Services,4,7,1.75,125,31.25,4,4
Olympia Travel UK ltd,3,6,2.0,290,96.66666666666667,3,2
AMK,2,19,9.5,103,51.5,2,2
Uno,53,1876,35.39622641509434,6057,114.28301886792453,24,22
Blackpool Transport Services Ltd,33,5086,154.12121212121212,4122,124.9090909090909,18,18
Iain McGregor,1,205,205.0,2,2.0,1,1
Minsterley Motors Ltd,13,143,11.0,955,73.46153846153847,8,6
Albatross Coaches,1,6,6.0,71,71.0,1,1
BM Coaches,2,65,32.5,12,6.0,2,2
Nottinghamshire County Council Fleet Services,14,180,12.857142857142858,809,57.785714285714285,14,14
Stanley Travel,3,208,69.33333333333333,149,49.666666666666664,2,2
Viking Coaches (Heywood),3,4,1.3333333333333333,123,41.0,2,3
Maghull Coaches,11,55,5.0,295,26.818181818181817,7,7
LMS Travel Ltd,18,122,6.777777777777778,871,48.388888888888886,12,8
Coastliner Buses,8,250,31.25,665,83.125,7,7
Weardale Motor Services,31,791,25.516129032258064,1995,64.35483870967742,14,14
Faresaver Buses,50,1053,21.06,2816,56.32,50,33
Kevs Cars & Coaches,16,230,14.375,1613,100.8125,8,6
Yarranton Brothers,10,47,4.7,853,85.3,4,3
Kinchbus,13,1733,133.30769230769232,813,62.53846153846154,8,8
CommMiniBus,7,33,4.714285714285714,289,41.285714285714285,7,7
Troopers Lodge,1,23,23.0,34,34.0,1,1
Nottingham Minibuses & Coaches Ltd,23,64,2.782608695652174,745,32.391304347826086,19,19
CTSW,1,31,31.0,66,66.0,1,1
David Goodfellow Travel,16,281,17.5625,550,34.375,7,5
Metroline Travel Limited,15,2434,162.26666666666668,1299,86.6,10,10
Northstar,31,443,14.290322580645162,1599,51.58064516129032,30,31
Cumfybus,15,101,6.733333333333333,466,31.066666666666666,11,10
Xelabus,5,14,2.8,223,44.6,5,5
21 Transport,5,49,9.8,331,66.2,5,5
Safeguard Coaches,12,562,46.833333333333336,320,26.666666666666668,3,2
Transport Connect,42,946,22.523809523809526,1847,43.976190476190474,36,42
Harpur's Coaches Ltd,7,14,2.0,60,8.571428571428571,7,7
Lawson's of Corby,5,10,2.0,263,52.6,5,5
A Minibus Plus,2,10,5.0,76,38.0,1,1
Cruisers,1,12,12.0,118,118.0,1,1
Golden Tours,2,33,16.5,14,7.0,2,2
Zero2 Bus Museum,3,12,4.0,183,61.0,1,1
Sleafordian,23,133,5.782608695652174,1114,48.43478260869565,22,22
UMC,2,89,44.5,12,6.0,1,1
FirstGroup plc,1395,215290,154.32974910394265,115976,83.13691756272401,397,645
Hunts Coaches,5,99,19.8,372,74.4,4,4
City Transport Group,6,386,64.33333333333333,152,25.333333333333332,3,3
Langston & Tasker,4,16,4.0,95,23.75,4,4
Belle Coaches,3,6,2.0,119,39.666666666666664,3,3
Edward Thomas,2,19,9.5,60,30.0,2,2
Reays Coaches,3,30,10.0,111,37.0,3,3
Roberts Travel Group,3,300,100.0,29,9.666666666666666,3,3
Finestyle Coaches,2,4,2.0,61,30.5,2,2
Linden Holdings,21,71,3.380952380952381,768,36.57142857142857,20,21
Hornsby Travel Service Ltd,13,451,34.69230769230769,779,59.92307692307692,12,13
